Sample no.,Plant family,Plant species,Plant Name,Exotic/Indigenous,Locality ,Latitude,Longitude,Altitude (m) ,Köppen-Geiger climate classification,Local Municipality ,District Municipality,Province,Tree/ground,Maturity stage,Date sampled,No. fruit ,Weight (gram),C-rosa-sensu-lato-count 
1,Myrtaceae,Acca sellowiana (O.Berg) Burret,Feijoa,Exotic,ARC-TSC Nelspruit,-25.452592,30.971381,670,Cwa,Mbombela,Ehlanzeni,Mpumalanga,Ground,Mature,23/02/2011,25,1071.9,197
2,Myrtaceae,Acca sellowiana (O.Berg) Burret,Feijoa,Exotic,ARC-TSC Nelspruit,-25.452592,30.971381,670,Cwa,Mbombela,Ehlanzeni,Mpumalanga,Ground,Mature,06/03/2014,26,566.5,59
3,Myrtaceae,Acca sellowiana (O.Berg) Burret,Feijoa,Exotic,ARC-TSC Nelspruit,-25.452592,30.971381,670,Cwa,Mbombela,Ehlanzeni,Mpumalanga,Tree,Mature,06/03/2014,20,470.7,25
4,Myrtaceae,Acca sellowiana (O.Berg) Burret,Feijoa,Exotic,ARC-TSC Nelspruit,-25.452592,30.971381,670,Cwa,Mbombela,Ehlanzeni,Mpumalanga,Tree and Ground,Mature,05/04/2014,33,591.5,62
5,Myrtaceae,Acca sellowiana (O.Berg) Burret,Feijoa,Exotic,ARC-TSC Nelspruit,-25.452592,30.971381,670,Cwa,Mbombela,Ehlanzeni,Mpumalanga,Tree,Mature,29/04/2014,11,294.6,57
6,Myrtaceae,Acca sellowiana (O.Berg) Burret,Feijoa,Exotic,ARC-TSC Nelspruit,-25.452592,30.971381,670,Cwa,Mbombela,Ehlanzeni,Mpumalanga,Ground,Mature,26/02/2015,24,745.8,64
7,Myrtaceae,Acca sellowiana (O.Berg) Burret,Feijoa,Exotic,ARC-TSC Nelspruit,-25.452592,30.971381,670,Cwa,Mbombela,Ehlanzeni,Mpumalanga,Tree,Mature,18/03/2015,20,629.8,74
8,Myrtaceae,Acca sellowiana (O.Berg) Burret,Feijoa,Exotic,ARC-TSC Nelspruit,-25.452592,30.971381,670,Cwa,Mbombela,Ehlanzeni,Mpumalanga,Ground,Mature,18/03/2015,43,1075.2,177
9,Myrtaceae,Acca sellowiana (O.Berg) Burret,Feijoa,Exotic,ARC-TSC Nelspruit,-25.452592,30.971381,670,Cwa,Mbombela,Ehlanzeni,Mpumalanga,Ground,Mature,14/04/2015,7,142,12
10,Myrtaceae,Acca sellowiana (O.Berg) Burret,Feijoa,Exotic,ARC-TSC Nelspruit,-25.452592,30.971381,670,Cwa,Mbombela,Ehlanzeni,Mpumalanga,Ground,Mature,19/02/2016,19,628.4,90
11,Myrtaceae,Acca sellowiana (O.Berg) Burret,Feijoa,Exotic,ARC-TSC Nelspruit,-25.452592,30.971381,670,Cwa,Mbombela,Ehlanzeni,Mpumalanga,Tree,Mature,02/03/2016,16,590,176
12,Myrtaceae,Acca sellowiana (O.Berg) Burret,Feijoa,Exotic,ARC-TSC Nelspruit,-25.452592,30.971381,670,Cwa,Mbombela,Ehlanzeni,Mpumalanga,Ground,Mature,02/03/2016,24,1036,10
13,Myrtaceae,Acca sellowiana (O.Berg) Burret,Feijoa,Exotic,ARC-TSC Nelspruit,-25.452592,30.971381,670,Cwa,Mbombela,Ehlanzeni,Mpumalanga,Tree,Mature,07/03/2016,39,842,136
14,Myrtaceae,Acca sellowiana (O.Berg) Burret,Feijoa,Exotic,ARC-TSC Nelspruit,-25.452592,30.971381,670,Cwa,Mbombela,Ehlanzeni,Mpumalanga,Ground,Mature,07/03/2016,16,433,88
15,Myrtaceae,Acca sellowiana (O.Berg) Burret,Feijoa,Exotic,ARC-TSC Nelspruit,-25.452592,30.971381,670,Cwa,Mbombela,Ehlanzeni,Mpumalanga,Tree,Mature,09/03/2016,24,367,11
16,Myrtaceae,Acca sellowiana (O.Berg) Burret,Feijoa,Exotic,ARC-TSC Nelspruit,-25.452592,30.971381,670,Cwa,Mbombela,Ehlanzeni,Mpumalanga,Ground,Mature,09/03/2016,28,432,142
17,Myrtaceae,Acca sellowiana (O.Berg) Burret,Feijoa,Exotic,ARC-TSC Nelspruit,-25.452592,30.971381,670,Cwa,Mbombela,Ehlanzeni,Mpumalanga,Tree,Mature,10/03/2016,31,870,112
18,Myrtaceae,Acca sellowiana (O.Berg) Burret,Feijoa,Exotic,ARC-TSC Nelspruit,-25.452592,30.971381,670,Cwa,Mbombela,Ehlanzeni,Mpumalanga,Tree,Mature,11/03/2016,27,556,13
19,Myrtaceae,Acca sellowiana (O.Berg) Burret,Feijoa,Exotic,ARC-TSC Nelspruit,-25.452592,30.971381,670,Cwa,Mbombela,Ehlanzeni,Mpumalanga,Ground,Mature,11/03/2016,22,683,40
20,Myrtaceae,Acca sellowiana (O.Berg) Burret,Feijoa,Exotic,ARC-TSC Nelspruit,-25.452592,30.971381,670,Cwa,Mbombela,Ehlanzeni,Mpumalanga,Tree,Mature,14/03/2016,25,525,25
21,Myrtaceae,Acca sellowiana (O.Berg) Burret,Feijoa,Exotic,ARC-TSC Nelspruit,-25.452592,30.971381,670,Cwa,Mbombela,Ehlanzeni,Mpumalanga,Ground,Mature,14/03/2016,19,381,84
22,Myrtaceae,Acca sellowiana (O.Berg) Burret,Feijoa,Exotic,ARC-TSC Nelspruit,-25.452592,30.971381,670,Cwa,Mbombela,Ehlanzeni,Mpumalanga,Tree,Mature,29/03/2016,34,692,111
23,Myrtaceae,Acca sellowiana (O.Berg) Burret,Feijoa,Exotic,ARC-TSC Nelspruit,-25.452592,30.971381,670,Cwa,Mbombela,Ehlanzeni,Mpumalanga,Ground,Mature,29/03/2016,30,485,111
24,Myrtaceae,Acca sellowiana (O.Berg) Burret,Feijoa,Exotic,ARC-TSC Nelspruit,-25.452592,30.971381,670,Cwa,Mbombela,Ehlanzeni,Mpumalanga,Tree,Mature,31/03/2016,30,540,105
25,Myrtaceae,Acca sellowiana (O.Berg) Burret,Feijoa,Exotic,ARC-TSC Nelspruit,-25.452592,30.971381,670,Cwa,Mbombela,Ehlanzeni,Mpumalanga,Ground,Mature,31/03/2016,31,423,161
26,Myrtaceae,Acca sellowiana (O.Berg) Burret,Feijoa,Exotic,ARC-TSC Nelspruit,-25.452592,30.971381,670,Cwa,Mbombela,Ehlanzeni,Mpumalanga,Tree,Mature,04/04/2016,30,456,13
27,Myrtaceae,Acca sellowiana (O.Berg) Burret,Feijoa,Exotic,ARC-TSC Nelspruit,-25.452592,30.971381,670,Cwa,Mbombela,Ehlanzeni,Mpumalanga,Ground,Mature,04/04/2016,29,617,62
28,Myrtaceae,Acca sellowiana (O.Berg) Burret,Feijoa,Exotic,ARC-TSC Nelspruit,-25.452592,30.971381,670,Cwa,Mbombela,Ehlanzeni,Mpumalanga,Tree,Mature,06/04/2016,26,472,93
29,Myrtaceae,Acca sellowiana (O.Berg) Burret,Feijoa,Exotic,ARC-TSC Nelspruit,-25.452592,30.971381,670,Cwa,Mbombela,Ehlanzeni,Mpumalanga,Ground,Mature,06/04/2016,32,600,181
30,Myrtaceae,Acca sellowiana (O.Berg) Burret,Feijoa,Exotic,ARC-TSC Nelspruit,-25.452592,30.971381,670,Cwa,Mbombela,Ehlanzeni,Mpumalanga,Tree,Mature,08/04/2016,35,505,85
31,Myrtaceae,Acca sellowiana (O.Berg) Burret,Feijoa,Exotic,ARC-TSC Nelspruit,-25.452592,30.971381,670,Cwa,Mbombela,Ehlanzeni,Mpumalanga,Ground,Mature,08/04/2016,49,623,33
32,Myrtaceae,Acca sellowiana (O.Berg) Burret,Feijoa,Exotic,ARC-TSC Nelspruit,-25.452592,30.971381,670,Cwa,Mbombela,Ehlanzeni,Mpumalanga,Tree,Mature,11/04/2016,51,712,85
33,Myrtaceae,Acca sellowiana (O.Berg) Burret,Feijoa,Exotic,ARC-TSC Nelspruit,-25.452592,30.971381,670,Cwa,Mbombela,Ehlanzeni,Mpumalanga,Ground,Mature,11/04/2016,27,581,134
34,Myrtaceae,Acca sellowiana (O.Berg) Burret,Feijoa,Exotic,ARC-TSC Nelspruit,-25.452592,30.971381,670,Cwa,Mbombela,Ehlanzeni,Mpumalanga,Tree,Mature,13/04/2016,32,555,141
35,Myrtaceae,Acca sellowiana (O.Berg) Burret,Feijoa,Exotic,ARC-TSC Nelspruit,-25.452592,30.971381,670,Cwa,Mbombela,Ehlanzeni,Mpumalanga,Ground,Mature,13/04/2016,33,347,181
36,Myrtaceae,Acca sellowiana (O.Berg) Burret,Feijoa,Exotic,Ermelo,-26.512358,29.985615,1700,Cwb,Msukaligwa,Gert Sibande,Mpumalanga,Tree,Mature,30/05/2016,29,380,
37,Myrtaceae,Acca sellowiana (O.Berg) Burret,Feijoa,Exotic,ARC-TSC Nelspruit,-25.452592,30.971381,670,Cwa,Mbombela,Ehlanzeni,Mpumalanga,Tree,Mature,02/03/2017,21,436.3,
38,Myrtaceae,Acca sellowiana (O.Berg) Burret,Feijoa,Exotic,ARC-TSC Nelspruit,-25.452592,30.971381,670,Cwa,Mbombela,Ehlanzeni,Mpumalanga,Ground,Mature,02/03/2017,32,804.6,
39,Myrtaceae,Acca sellowiana (O.Berg) Burret,Feijoa,Exotic,ARC-TSC Nelspruit,-25.452592,30.971381,670,Cwa,Mbombela,Ehlanzeni,Mpumalanga,Tree,Mature,16/03/2017,26,352,
40,Myrtaceae,Acca sellowiana (O.Berg) Burret,Feijoa,Exotic,ARC-TSC Nelspruit,-25.452592,30.971381,670,Cwa,Mbombela,Ehlanzeni,Mpumalanga,Ground,Mature,16/03/2017,24,457.6,
41,Myrtaceae,Acca sellowiana (O.Berg) Burret,Feijoa,Exotic,ARC-TSC Nelspruit,-25.452592,30.971381,670,Cwa,Mbombela,Ehlanzeni,Mpumalanga,Ground,Mature,30/03/2017,18,345.8,
1,Myrtaceae,Eugenia uniflora L.,Surinam cherry,Exotic,ARC-TSC Nelspruit,-25.452592,30.971381,670,Cwa,Mbombela,Ehlanzeni,Mpumalanga,Tree,Mature,01/12/2011,752,1962.2,29
2,Myrtaceae,Eugenia uniflora L.,Surinam cherry,Exotic,Letaba Estates,-23.859644,30.298042,557,Cwa,Greater Tzaneen,Mopani,Limpopo,Tree,Mature,01/11/2012,26,128,1
3,Myrtaceae,Eugenia uniflora L.,Surinam cherry,Exotic,Letaba Estates,-23.859644,30.298042,557,Cwa,Greater Tzaneen,Mopani,Limpopo,Tree,Mature,14/10/2014,45,219.9,0
4,Myrtaceae,Eugenia uniflora L.,Surinam cherry,Exotic,Letaba Estates,-23.859644,30.298042,557,Cwa,Greater Tzaneen,Mopani,Limpopo,Tree,Mature,17/10/2014,60,293,1
5,Myrtaceae,Eugenia uniflora L.,Surinam cherry,Exotic,ARC-TSC Nelspruit,-25.452592,30.971381,670,Cwa,Mbombela,Ehlanzeni,Mpumalanga,Tree,Mature,22/10/2014,207,1016.6,29
6,Myrtaceae,Eugenia uniflora L.,Surinam cherry,Exotic,Letaba Estates,-23.859644,30.298042,557,Cwa,Greater Tzaneen,Mopani,Limpopo,Tree,Mature,23/10/2014,100,537.1,0
7,Myrtaceae,Eugenia uniflora L.,Surinam cherry,Exotic,Letaba Estates,-23.859644,30.298042,557,Cwa,Greater Tzaneen,Mopani,Limpopo,Tree,Mature,24/10/2014,80,429.3,0
8,Myrtaceae,Eugenia uniflora L.,Surinam cherry,Exotic,Letaba Estates,-23.859644,30.298042,557,Cwa,Greater Tzaneen,Mopani,Limpopo,Tree,Mature,27/10/2014,50,267.5,0
9,Myrtaceae,Eugenia uniflora L.,Surinam cherry,Exotic,Letaba Estates,-23.859644,30.298042,557,Cwa,Greater Tzaneen,Mopani,Limpopo,Ground,Mature,29/10/2014,34,157.4,0
10,Myrtaceae,Eugenia uniflora L.,Surinam cherry,Exotic,Letaba Estates,-23.859644,30.298042,557,Cwa,Greater Tzaneen,Mopani,Limpopo,Tree,Mature,03/11/2014,60,309.2,0
11,Myrtaceae,Eugenia uniflora L.,Surinam cherry,Exotic,ARC-TSC Nelspruit,-25.452592,30.971381,670,Cwa,Mbombela,Ehlanzeni,Mpumalanga,Tree,Mature,03/11/2014,60,369.8,6
12,Myrtaceae,Eugenia uniflora L.,Surinam cherry,Exotic,Letaba Estates,-23.859644,30.298042,557,Cwa,Greater Tzaneen,Mopani,Limpopo,Tree,Mature,10/11/2014,60,212.2,2
13,Myrtaceae,Eugenia uniflora L.,Surinam cherry,Exotic,Letaba Estates,-23.859644,30.298042,557,Cwa,Greater Tzaneen,Mopani,Limpopo,Tree,Mature,18/11/2014,20,51.3,0
14,Myrtaceae,Eugenia uniflora L.,Surinam cherry,Exotic,Nelspruit,-25.496617,30.976693,670,Cwa,Mbombela,Ehlanzeni,Mpumalanga,Tree,Mature,18/12/2014,31,196.3,0
15,Myrtaceae,Eugenia uniflora L.,Surinam cherry,Exotic,Letaba Estates,-23.859644,30.298042,557,Cwa,Greater Tzaneen,Mopani,Limpopo,Tree,Mature,02/12/2016,15,42.6,
16,Myrtaceae,Eugenia uniflora L.,Surinam cherry,Exotic,Letaba Estates,-23.859644,30.298042,557,Cwa,Greater Tzaneen,Mopani,Limpopo,Tree,Mature,03/12/2016,15,41.8,
17,Myrtaceae,Eugenia uniflora L.,Surinam cherry,Exotic,Letaba Estates,-23.859644,30.298042,557,Cwa,Greater Tzaneen,Mopani,Limpopo,Tree,Mature,07/12/2016,27,69.3,
1,Myrtaceae,Pimenta dioica (L.) Merr.,"Allspice, Pimento",Exotic,ARC-TSC Nelspruit,-25.452592,30.971381,670,Cwa,Mbombela,Ehlanzeni,Mpumalanga,Tree,Mature,05/04/2014,51,36.5,0
2,Myrtaceae,Pimenta dioica (L.) Merr.,"Allspice, Pimento",Exotic,ARC-TSC Nelspruit,-25.452592,30.971381,670,Cwa,Mbombela,Ehlanzeni,Mpumalanga,Tree,Mature,29/04/2014,13,5.5,0
3,Myrtaceae,Pimenta dioica (L.) Merr.,"Allspice, Pimento",Exotic,ARC-TSC Nelspruit,-25.452592,30.971381,670,Cwa,Mbombela,Ehlanzeni,Mpumalanga,Tree,Mature,02/03/2015,60,17.2,0
4,Myrtaceae,Pimenta dioica (L.) Merr.,"Allspice, Pimento",Exotic,ARC-TSC Nelspruit,-25.452592,30.971381,670,Cwa,Mbombela,Ehlanzeni,Mpumalanga,Tree,Mature,14/04/2015,30,12.7,0
5,Myrtaceae,Pimenta dioica (L.) Merr.,"Allspice, Pimento",Exotic,ARC-TSC Nelspruit,-25.452592,30.971381,670,Cwa,Mbombela,Ehlanzeni,Mpumalanga,Tree,Mature,16/03/2017,31,15.5,
1,Myrtaceae,Plinia cauliflora (Mart.) Kausel,Jaboticaba,Exotic,ARC-TSC Nelspruit,-25.452592,30.971381,670,Cwa,Mbombela,Ehlanzeni,Mpumalanga,Tree,Marure,24/10/2012,40,557.3,0
2,Myrtaceae,Plinia cauliflora (Mart.) Kausel,Jaboticaba,Exotic,ARC-TSC Nelspruit,-25.452592,30.971381,670,Cwa,Mbombela,Ehlanzeni,Mpumalanga,Tree,Mature,24/10/2012,65,225.4,0
3,Myrtaceae,Plinia cauliflora (Mart.) Kausel,Jaboticaba,Exotic,ARC-TSC Nelspruit,-25.452592,30.971381,670,Cwa,Mbombela,Ehlanzeni,Mpumalanga,Ground,Mature,18/12/2013,40,298.6,0
4,Myrtaceae,Plinia cauliflora (Mart.) Kausel,Jaboticaba,Exotic,Nelspruit,-25.47448,30.97033,676,Cwa,Mbombela,Ehlanzeni,Mpumalanga,Tree,Mature,15/10/2014,40,343.3,0
5,Myrtaceae,Plinia cauliflora (Mart.) Kausel,Jaboticaba,Exotic,ARC-TSC Nelspruit,-25.452592,30.971381,670,Cwa,Mbombela,Ehlanzeni,Mpumalanga,Tree,Mature,03/11/2014,45,212.9,0
6,Myrtaceae,Plinia cauliflora (Mart.) Kausel,Jaboticaba,Exotic,ARC-TSC Nelspruit,-25.452592,30.971381,670,Cwa,Mbombela,Ehlanzeni,Mpumalanga,Tree,Mature,03/11/2014,45,355.1,0
7,Myrtaceae,Plinia cauliflora (Mart.) Kausel,Jaboticaba,Exotic,ARC-TSC Friedenheim,-25.449462,30.99028,764,Cwa,Mbombela,Ehlanzeni,Mpumalanga,Tree,Mature,05/11/2014,30,787.6,0
8,Myrtaceae,Plinia cauliflora (Mart.) Kausel,Jaboticaba,Exotic,ARC-TSC Nelspruit,-25.452592,30.971381,670,Cwa,Mbombela,Ehlanzeni,Mpumalanga,Tree,Mature,06/11/2014,50,201.1,0
9,Myrtaceae,Plinia cauliflora (Mart.) Kausel,Jaboticaba,Exotic,ARC-TSC Nelspruit,-25.452592,30.971381,670,Cwa,Mbombela,Ehlanzeni,Mpumalanga,Tree,Mature,27/09/2016,38,160,
10,Myrtaceae,Plinia cauliflora (Mart.) Kausel,Jaboticaba,Exotic,ARC-TSC Nelspruit,-25.452592,30.971381,670,Cwa,Mbombela,Ehlanzeni,Mpumalanga,Tree,Mature,03/10/2016,88,265,
11,Myrtaceae,Plinia cauliflora (Mart.) Kausel,Jaboticaba,Exotic,ARC-TSC Nelspruit,-25.452592,30.971381,670,Cwa,Mbombela,Ehlanzeni,Mpumalanga,Ground,Mature,03/10/2016,78,242,
12,Myrtaceae,Plinia cauliflora (Mart.) Kausel,Jaboticaba,Exotic,ARC-TSC Nelspruit,-25.452592,30.971381,670,Cwa,Mbombela,Ehlanzeni,Mpumalanga,Tree,Mature,06/10/2016,81,166,
13,Myrtaceae,Plinia cauliflora (Mart.) Kausel,Jaboticaba,Exotic,ARC-TSC Nelspruit,-25.452592,30.971381,670,Cwa,Mbombela,Ehlanzeni,Mpumalanga,Ground,Mature,06/10/2016,58,144,
14,Myrtaceae,Plinia cauliflora (Mart.) Kausel,Jaboticaba,Exotic,ARC-TSC Nelspruit,-25.452592,30.971381,670,Cwa,Mbombela,Ehlanzeni,Mpumalanga,Tree,Mature,24/11/2016,50,309.4,
15,Myrtaceae,Plinia cauliflora (Mart.) Kausel,Jaboticaba,Exotic,ARC-TSC Nelspruit,-25.452592,30.971381,670,Cwa,Mbombela,Ehlanzeni,Mpumalanga,Tree,Mature,24/11/2016,64,441.4,
1,Myrtaceae,Psidium cattleianum Afzel. ex Sabine,Strawberry guava,Exotic,ARC-TSC Nelspruit,-25.452592,30.971381,670,Cwa,Mbombela,Ehlanzeni,Mpumalanga,Tree,Mature,23/02/2011,676,1858.8,170
2,Myrtaceae,Psidium cattleianum Afzel. ex Sabine,Strawberry guava,Exotic,ARC-TSC Nelspruit,-25.452592,30.971381,670,Cwa,Mbombela,Ehlanzeni,Mpumalanga,Tree,Mature,30/03/2012,55,376.5,165
3,Myertacea,Psidium cattleianum Afzel. ex Sabine,Strawberry guava,Exotic,ARC-TSC Nelspruit,-25.452592,30.971381,670,Cwa,Mbombela,Ehlanzeni,Mpumalanga,Tree,Mature,20/02/2013,47,305.5,150
4,Myrtaceae,Psidium cattleianum Afzel. ex Sabine,Strawberry guava,Exotic,ARC-TSC Nelspruit,-25.452592,30.971381,670,Cwa,Mbombela,Ehlanzeni,Mpumalanga,Tree,Mature,07/03/2013,31,202.5,33
5,Myrtaceae,Psidium cattleianum Afzel. ex Sabine,Strawberry guava,Exotic,ARC-TSC Nelspruit,-25.452592,30.971381,670,Cwa,Mbombela,Ehlanzeni,Mpumalanga,Tree,Mature,29/04/2014,101,209.3,127
6,Myrtaceae,Psidium cattleianum Afzel. ex Sabine,Strawberry guava,Exotic,ARC-TSC Nelspruit,-25.452592,30.971381,670,Cwa,Mbombela,Ehlanzeni,Mpumalanga,Ground,Mature,29/04/2014,85,207.3,90
7,Myrtaceae,Psidium cattleianum Afzel. ex Sabine,Strawberry guava,Exotic,ARC-TSC Nelspruit,-25.452592,30.971381,670,Cwa,Mbombela,Ehlanzeni,Mpumalanga,Tree,Mature,02/03/2015,74,185.6,44
8,Myrtaceae,Psidium cattleianum Afzel. ex Sabine,Strawberry guava,Exotic,ARC-TSC Nelspruit,-25.452592,30.971381,670,Cwa,Mbombela,Ehlanzeni,Mpumalanga,Ground,Mature,02/03/2015,149,410.5,10
9,Myrtaceae,Psidium cattleianum Afzel. ex Sabine,Strawberry guava,Exotic,ARC-TSC Nelspruit,-25.452592,30.971381,670,Cwa,Mbombela,Ehlanzeni,Mpumalanga,Tree,Mature,18/03/2015,15,107.7,32
10,Myrtaceae,Psidium cattleianum Afzel. ex Sabine,Strawberry guava,Exotic,ARC-TSC Nelspruit,-25.452592,30.971381,670,Cwa,Mbombela,Ehlanzeni,Mpumalanga,Ground,Mature,14/04/2015,69,226.2,43
11,Myrtaceae,Psidium cattleianum Afzel. ex Sabine,Strawberry guava,Exotic,ARC-TSC Nelspruit,-25.452592,30.971381,670,Cwa,Mbombela,Ehlanzeni,Mpumalanga,Ground ,Mature,19/02/2016,50,279.8,116
12,Myrtaceae,Psidium cattleianum Afzel. ex Sabine,Strawberry guava,Exotic,ARC-TSC Nelspruit,-25.452592,30.971381,670,Cwa,Mpumalanga,Ehlanzeni,Mpumalanga,Tree,Mature,19/02/2016,19,141.3,22
13,Myrtaceae,Psidium cattleianum Afzel. ex Sabine,Strawberry guava,Exotic,ARC-TSC Nelspruit,-25.452592,30.971381,670,Cwa,Mpumalanga,Ehlanzeni,Mpumalanga,Ground,Mature,19/02/2016,20,128.9,21
14,Myrtaceae,Psidium cattleianum Afzel. ex Sabine,Strawberry guava,Exotic,ARC-TSC Nelspruit,-25.452592,30.971381,670,Cwa,Mbombela,Ehlanzeni,Mpumalanga,Ground ,Mature,30/03/2017,18,178,
1,Myrtaceae,Psidium friedrichsthalianum (O.Berg) Nied. ,Costa Rican Guava,Exotic,ARC-TSC Nelspruit,-25.452592,30.971381,670,Cwa,Mbombela,Ehlanzeni,Mpumalanga,Tree,Mature,11/03/2016,13,272,0
2,Myrtaceae,Psidium friedrichsthalianum (O.Berg) Nied. ,Costa Rican Guava,Exotic,ARC-TSC Nelspruit,-25.452592,30.971381,670,Cwa,Mbombela,Ehlanzeni,Mpumalanga,Ground,Mature,14/03/2016,10,399,4
3,Myrtaceae,Psidium friedrichsthalianum (O.Berg) Nied. ,Costa Rican Guava,Exotic,ARC-TSC Nelspruit,-25.452592,30.971381,670,Cwa,Mbombela,Ehlanzeni,Mpumalanga,Tree,Mature,29/03/2016,15,263,0
4,Myrtaceae,Psidium friedrichsthalianum (O.Berg) Nied. ,Costa Rican Guava,Exotic,ARC-TSC Nelspruit,-25.452592,30.971381,670,Cwa,Mbombela,Ehlanzeni,Mpumalanga,Ground,Mature,29/03/2016,10,210,24
5,Myrtaceae,Psidium friedrichsthalianum (O.Berg) Nied. ,Costa Rican Guava,Exotic,ARC-TSC Nelspruit,-25.452592,30.971381,670,Cwa,Mbombela,Ehlanzeni,Mpumalanga,Tree,Mature,04/04/2016,15,311,52
6,Myrtaceae,Psidium friedrichsthalianum (O.Berg) Nied. ,Costa Rican Guava,Exotic,ARC-TSC Nelspruit,-25.452592,30.971381,670,Cwa,Mbombela,Ehlanzeni,Mpumalanga,Ground,Mature,04/04/2016,14,516,60
7,Myrtaceae,Psidium friedrichsthalianum (O.Berg) Nied. ,Costa Rican Guava,Exotic,ARC-TSC Nelspruit,-25.452592,30.971381,670,Cwa,Mbombela,Ehlanzeni,Mpumalanga,Ground,Mature,06/04/2016,13,563,88
8,Myrtaceae,Psidium friedrichsthalianum (O.Berg) Nied. ,Costa Rican Guava,Exotic,ARC-TSC Nelspruit,-25.452592,30.971381,670,Cwa,Mbombela,Ehlanzeni,Mpumalanga,Ground,Mature,11/04/2016,9,405,
9,Myrtaceae,Psidium friedrichsthalianum (O.Berg) Nied. ,Costa Rican Guava,Exotic,ARC-TSC Nelspruit,-25.452592,30.971381,670,Cwa,Mbombela,Ehlanzeni,Mpumalanga,Tree,Mature,25/07/2016,8,93,0
10,Myrtaceae,Psidium friedrichsthalianum (O.Berg) Nied. ,Costa Rican Guava,Exotic,ARC-TSC Nelspruit,-25.452592,30.971381,670,Cwa,Mbombela,Ehlanzeni,Mpumalanga,Ground,Mature,25/07/2016,19,666,0
1,Myrtaceae,Psidium guajava L.,Guava,Exotic,Levubu,-23.093675,30.290607,764,Cwb,Makhado,Vhembe,Limpopo,Tree,Mature,24/10/2013,40,3428,6
2,Myrtaceae,Psidium guajava L.,Guava,Exotic,ARC-TSC Nelspruit,-25.452592,30.971381,670,Cwa,Mbombela,Ehlanzeni,Mpumalanga,Tree ,Mature,29/05/2014,40,2967.1,12
3,Myrtaceae,Psidium guajava L.,Guava,Exotic,ARC-TSC Nelspruit,-25.452592,30.971381,670,Cwa,Mbombela,Ehlanzeni,Mpumalanga,Ground,Mature,29/05/2014,16,1388.2,20
4,Myrtaceae,Psidium guajava L.,Guava,Exotic,ARC-TSC Nelspruit,-25.452592,30.971381,670,Cwa,Mbombela,Ehlanzeni,Mpumalanga,Tree,Mature,25/06/2014,14,908.5,5
5,Myrtaceae,Psidium guajava L.,Guava,Exotic,Morebeng,-23.439363,30.004501,1158,Cwb,Molemole,Capricorn,Limpopo,Ground,Mature,22/09/2014,50,2349.6,0
6,Myrtaceae,Psidium guajava L.,Guava,Exotic,Levubu,-23.093675,30.290607,764,Cwb,Makhado,Vhembe,Limpopo,Tree,Mature,16/10/2014,3,156.1,13
7,Myrtaceae,Psidium guajava L.,Guava,Exotic,Morebeng,-23.439363,30.004501,1158,Cwb,Molemole,Capricorn,Limpopo,Tree,Mature,23/10/2014,72,3544.5,74
8,Myrtaceae,Psidium guajava L.,Guava,Exotic,Deerpark,-23.718579,30.280699,620,Cwa,Greater Tzaneen,Mopani,Limpopo,Ground,Mature,11/03/2015,10,1199.8,44
9,Myrtaceae,Psidium guajava L.,Guava,Exotic,ARC-TSC Nelspruit,-25.452592,30.971381,670,Cwa,Mbombela,Ehlanzeni,Mpumalanga,Tree,Mature,14/04/2015,19,2298.7,69
10,Myrtaceae,Psidium guajava L.,Guava,Exotic,ARC-TSC Nelspruit,-25.452592,30.971381,670,Cwa,Mbombela,Ehlanzeni,Mpumalanga,Ground,Mature,14/04/2015,10,1129.7,61
11,Myrtaceae,Psidium guajava L.,Guava,Exotic,Morebeng,-23.439363,30.004501,1158,Cwb,Molemole,Capricorn,Limpopo,Tree,Mature,27/05/2015,30,1221.8,52
12,Myrtaceae,Psidium guajava L.,Guava,Exotic,Morebeng,-23.439363,30.004501,1158,Cwb,Molemole,Capricorn,Limpopo,Ground,Mature,27/05/2015,49,2240.7,65
13,Myrtaceae,Psidium guajava L.,Guava,Exotic,Morebeng,-23.439363,30.004501,1158,Cwb,Molemole,Capricorn,Limpopo,Tree,Mature,18/06/2015,25,1060.4,15
14,Myrtaceae,Psidium guajava L.,Guava,Exotic,Morebeng,-23.439363,30.004501,1158,Cwb,Molemole,Capricorn,Limpopo,Ground,Mature,18/06/2015,50,2363.2,72
15,Myrtaceae,Psidium guajava L.,Guava,Exotic,Mganduzweni ,-25.227224,31.10452,857,Cwa,Bushbuckridge,Ehlanzeni,Mpumalanga,Ground,Mature,29/02/2016,24,743,
16,Myrtaceae,Psidium guajava L.,Guava,Exotic,Bushbuckridge,-24.820496,31.171038,849,Cwa,Bushbuckridge,Ehlanzeni,Mpumalanga,Ground,Mature,14/03/2016,8,492,
17,Myrtaceae,Psidium guajava L.,Guava,Exotic,Deerpark,-23.718579,30.280699,620,Cwa,Greater Tzaneen,Mopani,Limpopo,Ground,Mature,10/05/2017,10,1085.1,
18,Myrtaceae,Psidium guajava L.,Guava,Exotic,Deerpark,-23.718579,30.280699,620,Cwa,Greater Tzaneen,Mopani,Limpopo,Ground,Mature,18/05/2017,15,1938.3,
1,Myrtaceae,Syzygium cordatum Hochst. ex Krauss,Water berry,Indigenous,Hoedspruit ,-24.346139,30.973291,564,Cwa,Maruleng,Mopani,Limpopo,Tree,Marure,02/01/2011,100,163.6,0
2,Myrtaceae,Syzygium cordatum Hochst. ex Krauss,Water berry,Indigenous,ARC-TSC Burgershall,-25.10711,31.07727,757,Cwa,Mbombela,Ehlanzeni,Mpumalanga,Tree,Mature,05/01/2011,271,437.5,0
3,Myrtaceae,Syzygium cordatum Hochst. ex Krauss,Water berry,Indigenous,ARC-TSC Burgershall,-25.10711,31.07727,757,Cwa,Mbombela,Ehlanzeni,Mpumalanga,Tree,Mature,14/11/2012,572,938.3,0
4,Myrtaceae,Syzygium cordatum Hochst. ex Krauss,Water berry,Indigenous,ARC-TSC Nelspruit,-25.452592,30.971381,670,Cwa,Mbombela,Ehlanzeni,Mpumalanga,Tree,Mature,18/12/2013,163,382,57
5,Myrtaceae,Syzygium cordatum Hochst. ex Krauss,Water berry,Indigenous,Tzaneen ,-23.832919,30.149997,,Cwa,Greater Tzaneen,Mopani,Limpopo,Tree,Mature,03/02/2014,1005,2110.1,1
6,Myrtaceae,Syzygium cordatum Hochst. ex Krauss,Water berry,Indigenous,Nelspruit,-25.442418,31.026243,670,Cwa,Mbombela,Ehlanzeni,Mpumalanga,Tree,Mature,28/11/2014,150,220,3
7,Myrtaceae,Syzygium cordatum Hochst. ex Krauss,Water berry,Indigenous,ARC-TSC Nelspruit,-25.452592,30.971381,670,Cwa,Mbombela,Ehlanzeni,Mpumalanga,Tree,Mature,28/11/2014,100,243.8,15
8,Myrtaceae,Syzygium cordatum Hochst. ex Krauss,Water berry,Indigenous,ARC-TSC Nelspruit,-25.452592,30.971381,670,Cwa,Mbombela,Ehlanzeni,Mpumalanga,Tree,Mature,28/11/2014,120,240,2
9,Myrtaceae,Syzygium cordatum Hochst. ex Krauss,Water berry,Indigenous,ARC-TSC Nelspruit,-25.452592,30.971381,670,Cwa,Mbombela,Ehlanzeni,Mpumalanga,Tree,Mature,28/11/2014,150,280.8,0
10,Myrtaceae,Syzygium cordatum Hochst. ex Krauss,Water berry,Indigenous,ARC-TSC Burgershall,-25.10711,31.07727,757,Cwa,Mbombela,Ehlanzeni,Mpumalanga,Tree,Mature,28/11/2014,110,286.7,0
11,Myrtaceae,Syzygium cordatum Hochst. ex Krauss,Water berry,Indigenous,ARC-TSC Nelspruit,-25.452592,30.971381,670,Cwa,Mbombela,Ehlanzeni,Mpumalanga,Tree,Marure,18/12/2014,103,220.4,2
12,Myrtaceae,Syzygium cordatum Hochst. ex Krauss,Water berry,Indigenous,ARC-TSC Burgershall,-25.10711,31.07727,757,Cwa,Mbombela,Ehlanzeni,Mpumalanga,Tree,Marure,18/12/2014,45,92.8,0
13,Myrtaceae,Syzygium cordatum Hochst. ex Krauss,Water berry,Indigenous,ARC-TSC Burgershall,-25.10711,31.07727,757,Cwa,Mbombela,Ehlanzeni,Mpumalanga,Tree,Marure,18/12/2014,34,71.3,0
14,Myrtaceae,Syzygium cordatum Hochst. ex Krauss,Water berry,Indigenous,ARC-TSC Burgershall,-25.10711,31.07727,757,Cwa,Mbombela,Ehlanzeni,Mpumalanga,Tree,Marure,18/12/2014,50,91.7,0
15,Myrtaceae,Syzygium cordatum Hochst. ex Krauss,Water berry,Indigenous,ARC-TSC Burgershall,-25.10711,31.07727,757,Cwa,Mbombela,Ehlanzeni,Mpumalanga,Tree,Marure,26/11/2015,70,102.2,0
16,Myrtaceae,Syzygium cordatum Hochst. ex Krauss,Water berry,Indigenous,ARC-TSC Burgershall,-25.10711,31.07727,757,Cwa,Mbombela,Ehlanzeni,Mpumalanga,Tree,Marure,18/12/2015,213,275.4,0
17,Myrtaceae,Syzygium cordatum Hochst. ex Krauss,Water berry,Indigenous,ARC-TSC Nelspruit,-25.452592,30.971381,670,Cwa,Mbombela,Ehlanzeni,Mpumalanga,Tree,Marure,15/12/2016,106,217,
18,Myrtaceae,Syzygium cordatum Hochst. ex Krauss,Water berry,Indigenous,ARC-TSC Nelspruit,-25.452592,30.971381,670,Cwa,Mbombela,Ehlanzeni,Mpumalanga,Tree,Marure,15/12/2016,109,248,
19,Myrtaceae,Syzygium cordatum Hochst. ex Krauss,Water berry,Indigenous,ARC-TSC Nelspruit,-25.452592,30.971381,670,Cwa,Mbombela,Ehlanzeni,Mpumalanga,Tree,Marure,22/12/2016,691,1714.2,
20,Myrtaceae,Syzygium cordatum Hochst. ex Krauss,Water berry,Indigenous,ARC-TSC Nelspruit,-25.452592,30.971381,670,Cwa,Mbombela,Ehlanzeni,Mpumalanga,Tree,Marure,22/12/2016,109,302.8,
21,Myrtaceae,Syzygium cordatum Hochst. ex Krauss,Water berry,Indigenous,ARC-TSC Burgershall,-25.10711,31.07727,757,Cwa,Mbombela,Ehlanzeni,Mpumalanga,Tree,Marure,22/12/2016,100,114.2,
22,Myrtaceae,Syzygium cordatum Hochst. ex Krauss,Water berry,Indigenous,ARC-TSC Nelspruit,-25.452592,30.971381,670,Cwa,Mbombela,Ehlanzeni,Mpumalanga,Tree,Marure,04/01/2017,70,136.7,
1,Myrtaceae,Syzygium guineense (Willd.) DC,Water pear,Indigenous,ARC-TSC Nelspruit,-25.452592,30.971381,670,Cwa,Mbombela,Ehlanzeni,Mpumalanga,Tree,Mature,29/11/2010,136,250.8,0
2,Myrtaceae,Syzygium guineense (Willd.) DC,Water pear,Indigenous,Letaba Estates,-23.859644,30.298042,557,Cwa,Greater Tzaneen,Mopani,Limpopo,Tree,Mature,02/02/2012,100,466.5,1
3,Myrtaceae,Syzygium guineense (Willd.) DC,Water pear,Indigenous,Letaba Estates,-23.859644,30.298042,557,Cwa,Greater Tzaneen,Mopani,Limpopo,Tree,Mature,13/02/2012,117,452,1
4,Myrtaceae,Syzygium guineense (Willd.) DC,Water pear,Indigenous,Letaba Estates,-23.859644,30.298042,557,Cwa,Greater Tzaneen,Mopani,Limpopo,Tree,Mature,03/01/2014,124,412.4,0
5,Myrtaceae,Syzygium guineense (Willd.) DC,Water pear,Indigenous,Letaba Estates,-23.859644,30.298042,557,Cwa,Greater Tzaneen,Mopani,Limpopo,Tree,Mature,14/01/2014,100,454.4,0
6,Myrtaceae,Syzygium guineense (Willd.) DC,Water pear,Indigenous,Letaba Estates,-23.859644,30.298042,557,Cwa,Greater Tzaneen,Mopani,Limpopo,Tree,Mature,20/01/2014,177,665.6,0
7,Myrtaceae,Syzygium guineense (Willd.) DC,Water pear,Indigenous,Constantia ,-23.644335,30.704908,448,Bsh,Ba-Phalaborwa,Mopani,Limpopo,Tree,Mature,06/01/2015,83,209.4,0
8,Myrtaceae,Syzygium guineense (Willd.) DC,Water pear,Indigenous,Letaba Estates,-23.859644,30.298042,557,Cwa,Greater Tzaneen,Mopani,Limpopo,Tree,Mature,07/01/2015,25,92.9,0
9,Myrtaceae,Syzygium guineense (Willd.) DC,Water pear,Indigenous,ARC-TSC Nelspruit,-25.452592,30.971381,670,Cwa,Mbombela,Ehlanzeni,Mpumalanga,Tree,Mature,08/01/2015,73,245.8,0
10,Myrtaceae,Syzygium guineense (Willd.) DC,Water pear,Indigenous,Letaba Estates,-23.859644,30.298042,557,Cwa,Greater Tzaneen,Mopani,Limpopo,Tree,Mature,13/01/2015,50,108.8,0
11,Myrtaceae,Syzygium guineense (Willd.) DC,Water pear,Indigenous,Constantia,-23.644335,30.704908,448,Bsh,Ba-Phalaborwa,Mopani,Limpopo,Tree,Mature,14/01/2015,67,197.4,0
12,Myrtaceae,Syzygium guineense (Willd.) DC,Water pear,Indigenous,Letaba Estates,-23.859644,30.298042,557,Cwa,Greater Tzaneen,Mopani,Limpopo,Tree,Mature,15/01/2015,40,153.7,0
13,Myrtaceae,Syzygium guineense (Willd.) DC,Water pear,Indigenous,Letaba Estates,-23.859644,30.298042,557,Cwa,Greater Tzaneen,Mopani,Limpopo,Tree,Mature,20/01/2015,64,227.1,0
14,Myrtaceae,Syzygium guineense (Willd.) DC,Water pear,Indigenous,Constantia,-23.644335,30.704908,448,Bsh,Ba-Phalaborwa,Mopani,Limpopo,Tree,Mature,21/01/2015,72,156.6,0
15,Myrtaceae,Syzygium guineense (Willd.) DC,Water pear,Indigenous,Letaba Estates,-23.859644,30.298042,557,Cwa,Greater Tzaneen,Mopani,Limpopo,Tree,Mature,26/01/2015,127,413.4,0
16,Myrtaceae,Syzygium guineense (Willd.) DC,Water pear,Indigenous,ARC-TSC Nelspruit,-25.452592,30.971381,670,Cwa,Mbombela,Ehlanzeni,Mpumalanga,Tree,Mature,27/01/2015,20,37.2,0
17,Myrtaceae,Syzygium guineense (Willd.) DC,Water pear,Indigenous,Letaba Estates,-23.859644,30.298042,557,Cwa,Greater Tzaneen,Mopani,Limpopo,Tree,Mature,30/01/2015,97,324.5,7
18,Myrtaceae,Syzygium guineense (Willd.) DC,Water pear,Indigenous,Letaba Estates,-23.859644,30.298042,557,Cwa,Greater Tzaneen,Mopani,Limpopo,Tree,Mature,04/02/2015,52,178.9,4
19,Myrtaceae,Syzygium guineense (Willd.) DC,Water pear,Indigenous,Letaba Estates,-23.859644,30.298042,557,Cwa,Greater Tzaneen,Mopani,Limpopo,Tree,Mature,06/02/2015,100,315,0
20,Myrtaceae,Syzygium guineense (Willd.) DC,Water pear,Indigenous,Deerpark,-23.770598,30.30118,620,Cwa,Greater Tzaneen,Mopani,Limpopo,Tree,Mature,09/02/2015,66,249.5,0
21,Myrtaceae,Syzygium guineense (Willd.) DC,Water pear,Indigenous,ARC-TSC Nelspruit,-25.452592,30.971381,670,Cwa,Mbombela,Ehlanzeni,Mpumalanga,Tree,Mature,04/01/2017,33,76.6,
1,Myrtaceae,Syzygium jambos (L.) Alston,"Jambos, Rose apple",Exotic,ARC-TSC Nelspruit,-25.452592,30.971381,670,Cwa,Mbombela,Ehlanzeni,Mpumalanga,Ground,Mature,29/11/2010,37,926.2,51
2,Myrtaceae,Syzygium jambos (L.) Alston,"Jambos, Rose apple",Exotic,ARC-TSC Burgershall,-25.10711,31.07727,757,Cwa,Mbombela,Ehlanzeni,Mpumalanga,Tree,Mature,05/01/2011,34,854.8,201
3,Myrtaceae,Syzygium jambos (L.) Alston,"Jambos, Rose apple",Exotic,ARC-TSC Burgershall,-25.10711,31.07727,757,Cwa,Mbombela,Ehlanzeni,Mpumalanga,Tree,Mature,01/12/2011,10,208.3,27
4,Myrtaceae,Syzygium jambos (L.) Alston,"Jambos, Rose apple",Exotic,ARC-TSC Nelspruit,-25.452592,30.971381,670,Cwa,Mbombela,Ehlanzeni,Mpumalanga,Tree,Mature,01/12/2011,50,1331.6,275
5,Myrtaceae,Syzygium jambos (L.) Alston,"Jambos, Rose apple",Exotic,ARC-TSC Nelspruit,-25.452592,30.971381,670,Cwa,Mbombela,Ehlanzeni,Mpumalanga,Tree,Mature,07/12/2012,320,9779.9,192
6,Myrtaceae,Syzygium jambos (L.) Alston,"Jambos, Rose apple",Exotic,ARC-TSC Burgershall,-25.10711,31.07727,757,Cwa,Mbombela,Ehlanzeni,Mpumalanga,Tree,Mature,10/01/2013,55,1187,32
7,Myrtaceae,Syzygium jambos (L.) Alston,"Jambos, Rose apple",Exotic,ARC-TSC Burgershall,-25.10711,31.07727,757,Cwa,Mbombela,Ehlanzeni,Mpumalanga,Tree,Mature,18/12/2013,16,554.4,3
8,Myrtaceae,Syzygium jambos (L.) Alston,"Jambos, Rose apple",Exotic,ARC-TSC Nelspruit,-25.452592,30.971381,670,Cwa,Mbombela,Ehlanzeni,Mpumalanga,Tree,Mature,18/12/2013,60,1498.2,326
9,Myrtaceae,Syzygium jambos (L.) Alston,"Jambos, Rose apple",Exotic,ARC-TSC Nelspruit,-25.452592,30.971381,670,Cwa,Mbombela,Ehlanzeni,Mpumalanga,Tree,Mature,18/12/2013,83,2080.4,66
10,Myrtaceae,Syzygium jambos (L.) Alston,"Jambos, Rose apple",Exotic,ARC-TSC Nelspruit,-25.452592,30.971381,670,Cwa,Mbombela,Ehlanzeni,Mpumalanga,Ground,Mature,18/12/2013,63,2061.5,65
11,Myrtaceae,Syzygium jambos (L.) Alston,"Jambos, Rose apple",Exotic,ARC-TSC Burgershall,-25.10711,31.07727,757,Cwa,Mbombela,Ehlanzeni,Mpumalanga,Tree,Mature,15/01/2014,20,590.1,32
12,Myrtaceae,Syzygium jambos (L.) Alston,"Jambos, Rose apple",Exotic,ARC-TSC Burgershall,-25.10711,31.07727,757,Cwa,Mbombela,Ehlanzeni,Mpumalanga,Tree,Mature,18/12/2014,37,1013.8,18
13,Myrtaceae,Syzygium jambos (L.) Alston,"Jambos, Rose apple",Exotic,ARC-TSC Nelspruit,-25.452592,30.971381,670,Cwa,Mbombela,Ehlanzeni,Mpumalanga,Tree,Mature,18/12/2014,14,589.2,64
14,Myrtaceae,Syzygium jambos (L.) Alston,"Jambos, Rose apple",Exotic,ARC-TSC Nelspruit,-25.452592,30.971381,670,Cwa,Mbombela,Ehlanzeni,Mpumalanga,Tree,Mature,18/12/2014,44,1290,30
15,Myrtaceae,Syzygium jambos (L.) Alston,"Jambos, Rose apple",Exotic,ARC-TSC Nelspruit,-25.452592,30.971381,670,Cwa,Mbombela,Ehlanzeni,Mpumalanga,Tree,Mature,18/12/2014,12,425.2,33
16,Myrtaceae,Syzygium jambos (L.) Alston,"Jambos, Rose apple",Exotic,ARC-TSC Nelspruit,-25.452592,30.971381,670,Cwa,Mbombela,Ehlanzeni,Mpumalanga,Tree,Mature,27/11/2015,44,848,44
17,Myrtaceae,Syzygium jambos (L.) Alston,"Jambos, Rose apple",Exotic,ARC-TSC Burgershall,-25.10711,31.07727,757,Cwa,Mbombela,Ehlanzeni,Mpumalanga,Tree,Mature,17/12/2015,37,780.6,8
18,Myrtaceae,Syzygium jambos (L.) Alston,"Jambos, Rose apple",Exotic,ARC-TSC Nelspruit,-25.452592,30.971381,670,Cwa,Mbombela,Ehlanzeni,Mpumalanga,Tree,Mature,27/09/2016,18,338,
19,Myrtaceae,Syzygium jambos (L.) Alston,"Jambos, Rose apple",Exotic,ARC-TSC Nelspruit,-25.452592,30.971381,670,Cwa,Mbombela,Ehlanzeni,Mpumalanga,Tree,Mature,22/12/2016,32,363.1,
20,Myrtaceae,Syzygium jambos (L.) Alston,"Jambos, Rose apple",Exotic,ARC-TSC Nelspruit,-25.452592,30.971381,670,Cwa,Mbombela,Ehlanzeni,Mpumalanga,Tree,Mature,22/12/2016,31,593.3,
21,Myrtaceae,Syzygium jambos (L.) Alston,"Jambos, Rose apple",Exotic,ARC-TSC Nelspruit,-25.452592,30.971381,670,Cwa,Mbombela,Ehlanzeni,Mpumalanga,Tree,Mature,22/12/2016,46,772.4,
22,Myrtaceae,Syzygium jambos (L.) Alston,"Jambos, Rose apple",Exotic,ARC-TSC Nelspruit,-25.452592,30.971381,670,Cwa,Mbombela,Ehlanzeni,Mpumalanga,Tree,Mature,22/12/2016,33,571.4,
23,Myrtaceae,Syzygium jambos (L.) Alston,"Jambos, Rose apple",Exotic,ARC-TSC Nelspruit,-25.452592,30.971381,670,Cwa,Mbombela,Ehlanzeni,Mpumalanga,Tree,Mature,22/12/2016,20,342.8,
24,Myrtaceae,Syzygium jambos (L.) Alston,"Jambos, Rose apple",Exotic,ARC-TSC Burgershall,-25.10711,31.07727,757,Cwa,Mbombela,Ehlanzeni,Mpumalanga,Tree,Mature,22/12/2016,19,397,
25,Myrtaceae,Syzygium jambos (L.) Alston,"Jambos, Rose apple",Exotic,ARC-TSC Nelspruit,-25.452592,30.971381,670,Cwa,Mbombela,Ehlanzeni,Mpumalanga,Tree,Mature,04/01/2017,15,233.5,
26,Myrtaceae,Syzygium jambos (L.) Alston,"Jambos, Rose apple",Exotic,ARC-TSC Burgershall,-25.10711,31.07727,757,Cwa,Mbombela,Ehlanzeni,Mpumalanga,Tree,Mature,04/01/2017,14,263.7,
1,Myrtaceae,Syzygium paniculatum Gaertn.,Magenta cherry,,Letaba Estates,-23.859644,30.298042,557,Cwa,Greater Tzaneen,Mopani,Limpopo,Tree,Mature,13/01/2012,119,367.1,0
2,Myrtaceae,Syzygium paniculatum Gaertn.,Magenta cherry,,Letaba Estates,-23.859644,30.298042,557,Cwa,Greater Tzaneen,Mopani,Limpopo,Tree,Mature,13/01/2012,137,255.7,0
3,Myrtaceae,Syzygium paniculatum Gaertn.,Magenta cherry,,Letaba Estates,-23.859644,30.298042,557,Cwa,Greater Tzaneen,Mopani,Limpopo,Tree,Mature,02/02/2012,50,122.8,0
4,Myrtaceae,Syzygium paniculatum Gaertn.,Magenta cherry,,Letaba Estates,-23.859644,30.298042,557,Cwa,Greater Tzaneen,Mopani,Limpopo,Tree,Mature,31/01/2013,156,385.9,0
5,Myrtaceae,Syzygium paniculatum Gaertn.,Magenta cherry,,Letaba Estates,-23.859644,30.298042,557,Cwa,Greater Tzaneen,Mopani,Limpopo,Tree,Mature,13/01/2014,211,491.6,0
6,Myrtaceae,Syzygium paniculatum Gaertn.,Magenta cherry,,Letaba Estates,-23.859644,30.298042,557,Cwa,Greater Tzaneen,Mopani,Limpopo,Tree,Mature,14/05/2014,100,141.3,0
7,Myrtaceae,Syzygium paniculatum Gaertn.,Magenta cherry,,Letaba Estates,-23.859644,30.298042,557,Cwa,Greater Tzaneen,Mopani,Limpopo,Tree,Mature,20/05/2014,100,250.5,0
8,Myrtaceae,Syzygium paniculatum Gaertn.,Magenta cherry,,Letaba Estates,-23.859644,30.298042,557,Cwa,Greater Tzaneen,Mopani,Limpopo,Tree,Mature,30/05/2014,70,138.8,0
9,Myrtaceae,Syzygium paniculatum Gaertn.,Magenta cherry,,Letaba Estates,-23.859644,30.298042,557,Cwa,Greater Tzaneen,Mopani,Limpopo,Tree,Mature,26/01/2015,80,253.6,0
10,Myrtaceae,Syzygium paniculatum Gaertn.,Magenta cherry,,Letaba Estates,-23.859644,30.298042,557,Cwa,Greater Tzaneen,Mopani,Limpopo,Tree,Mature,04/02/2015,50,142.3,0
11,Myrtaceae,Syzygium paniculatum Gaertn.,Magenta cherry,,Letaba Estates,-23.859644,30.298042,557,Cwa,Greater Tzaneen,Mopani,Limpopo,Tree,Mature,12/02/2015,100,120.4,0
12,Myrtaceae,Syzygium paniculatum Gaertn.,Magenta cherry,,Letaba Estates,-23.859644,30.298042,557,Cwa,Greater Tzaneen,Mopani,Limpopo,Tree,Mature,03/06/2015,100,179.5,0
13,Myrtaceae,Syzygium paniculatum Gaertn.,Magenta cherry,,Letaba Estates,-23.859644,30.298042,557,Cwa,Greater Tzaneen,Mopani,Limpopo,Tree,Mature,10/06/2015,91,196.2,0
1,Myrtaceae,Syzygium samarangense (Blume) Merr. & L.M.Perry ,"Java apple, Wax jumbo",Exotic,ARC-TSC Nelspruit,-25.452592,30.971381,670,Cwa,Mbombela,Ehlanzeni,Mpumalanga,Tree,Mature,07/02/2016,19,349,99
2,Myrtaceae,Syzygium samarangense (Blume) Merr. & L.M.Perry ,"Java apple, Wax jumbo",Exotic,ARC-TSC Nelspruit,-25.452592,30.971381,670,Cwa,Mbombela,Ehlanzeni,Mpumalanga,Ground,Mature,01/03/2016,30,755.3,102
